CIK,Company,Type,Filing Date,Period of Report,SIC,htm_file_link,filename,item1a,item7
1000209,MEDALLION FINANCIAL CORP,10-K,2021-03-16,2020-12-31,6199,https://www.sec.gov/Archives/edgar/data/1000209/000156459021013216/mfin-10k_20201231.htm,1000209_10K_2020_0001564590-21-013216.htm,,
1000228,HENRY SCHEIN INC,10-K,2021-02-17,2020-12-26,5047,https://www.sec.gov/Archives/edgar/data/1000228/000100022821000019/hsicform10k20201226.htm,1000228_10K_2020_0001000228-21-000019.htm,,
1000229,CORE LABORATORIES N V,10-K,2021-02-08,2020-12-31,1389,https://www.sec.gov/Archives/edgar/data/1000229/000156459021004561/clb-10k_20201231.htm,1000229_10K_2020_0001564590-21-004561.htm,,
1000232,KENTUCKY BANCSHARES INC /KY/,10-K,2021-03-03,2020-12-31,6022,https://www.sec.gov/Archives/edgar/data/1000232/000155837021002326/ktyb-20201231x10k.htm,1000232_10K_2020_0001558370-21-002326.htm,,
1000298,IMPAC MORTGAGE HOLDINGS INC,10-K,2021-03-12,2020-12-31,6798,https://www.sec.gov/Archives/edgar/data/1000298/000155837021002945/imh-20201231x10k.htm,1000298_10K_2020_0001558370-21-002945.htm,,
1000623,SCHWEITZER MAUDUIT INTERNATIONAL INC,10-K,2021-03-01,2020-12-31,2621,https://www.sec.gov/Archives/edgar/data/1000623/000100062321000047/swm-20201231.htm,1000623_10K_2020_0001000623-21-000047.htm,,
1000683,BLONDER TONGUE LABORATORIES INC,10-K,2021-03-25,2020-12-31,3663,https://www.sec.gov/Archives/edgar/data/1000683/000121390021017745/f10k2020_blondertongue.htm,1000683_10K_2020_0001213900-21-017745.htm,,
1000694,NOVAVAX INC,10-K,2021-03-01,2020-12-31,2836,https://www.sec.gov/Archives/edgar/data/1000694/000100069421000004/nvax-20201231.htm,1000694_10K_2020_0001000694-21-000004.htm,,
1000697,WATERS CORP /DE/,10-K,2021-02-24,2020-12-31,3826,https://www.sec.gov/Archives/edgar/data/1000697/000119312521054385/d32803d10k.htm,1000697_10K_2020_0001193125-21-054385.htm,,
1000753,"INSPERITY, INC.",10-K,2021-02-12,2020-12-31,7363,https://www.sec.gov/Archives/edgar/data/1000753/000100075321000009/nsp-20201231.htm,1000753_10K_2020_0001000753-21-000009.htm,,
1001082,DISH Network CORP,10-K,2021-02-22,2020-12-31,4841,https://www.sec.gov/Archives/edgar/data/1001082/000155837021001322/dish-20201231x10k.htm,1001082_10K_2020_0001558370-21-001322.htm,,
1001171,BROADWAY FINANCIAL CORP \DE\,10-K,2021-03-31,2020-12-31,6035,https://www.sec.gov/Archives/edgar/data/1001171/000114036121011100/brhc10022486_10k.htm,1001171_10K_2020_0001140361-21-011100.htm,,
1000230,OPTICAL CABLE CORP,10-K,2021-12-20,2021-10-31,3357,https://www.sec.gov/Archives/edgar/data/1000230/000143774921028951/occ20211031_10k.htm,1000230_10K_2021_0001437749-21-028951.htm,,
1001115,GEOSPACE TECHNOLOGIES CORP,10-K,2021-11-19,2021-09-30,3829,https://www.sec.gov/Archives/edgar/data/1001115/000156459021057727/geos-10k_20210930.htm,1001115_10K_2021_0001564590-21-057727.htm,,
1001614,"Riley Exploration Permian, Inc.",10-K,2021-12-14,2021-09-30,1311,https://www.sec.gov/Archives/edgar/data/1001614/000162828021025024/rep-20210930.htm,1001614_10K_2021_0001628280-21-025024.htm,,
1002517,"Nuance Communications, Inc.",10-K,2021-11-18,2021-09-30,7372,https://www.sec.gov/Archives/edgar/data/1002517/000100251721000052/nuan-20210930.htm,1002517_10K_2021_0001002517-21-000052.htm,,
1002590,"STAR GROUP, L.P.",10-K,2021-12-08,2021-09-30,5990,https://www.sec.gov/Archives/edgar/data/1002590/000156459021059752/sgu-10k_20210930.htm,1002590_10K_2021_0001564590-21-059752.htm,,
1003078,MSC INDUSTRIAL DIRECT CO INC,10-K,2021-10-20,2021-08-28,5084,https://www.sec.gov/Archives/edgar/data/1003078/000100307821000199/msm-20210828x10k.htm,1003078_10K_2021_0001003078-21-000199.htm,,
10048,BARNWELL INDUSTRIES INC,10-K,2021-12-21,2021-09-30,1311,https://www.sec.gov/Archives/edgar/data/10048/000001004821000026/brn-20210930.htm,10048_10K_2021_0000010048-21-000026.htm,,
100493,"TYSON FOODS, INC.",10-K,2021-11-15,2021-10-02,2015,https://www.sec.gov/Archives/edgar/data/100493/000010049321000122/tsn-20211002.htm,100493_10K_2021_0000100493-21-000122.htm,,
1005210,SUBURBAN PROPANE PARTNERS LP,10-K,2021-11-24,2021-09-25,5900,https://www.sec.gov/Archives/edgar/data/1005210/000156459021058219/sph-10k_20210925.htm,1005210_10K_2021_0001564590-21-058219.htm,,
1005276,MOHEGAN TRIBAL GAMING AUTHORITY,10-K,2021-12-16,2021-09-30,7011,https://www.sec.gov/Archives/edgar/data/1005276/000100527621000022/mtga-20210930.htm,1005276_10K_2021_0001005276-21-000022.htm,,
1005731,IDT CORP,10-K,2021-10-14,2021-07-31,4813,https://www.sec.gov/Archives/edgar/data/1005731/000149315221025444/form10-k.htm,1005731_10K_2021_0001493152-21-025444.htm,,
1006028,"PURE BIOSCIENCE, INC.",10-K,2021-10-28,2021-07-31,2890,https://www.sec.gov/Archives/edgar/data/1006028/000149315221026623/form10-k.htm,1006028_10K_2021_0001493152-21-026623.htm,,
1006840,"Cang Bao Tian Xia International Art Trade Center, Inc.",10-K,2021-10-13,2021-06-30,5010,https://www.sec.gov/Archives/edgar/data/1006840/000155335021000905/cbao.htm,1006840_10K_2021_0001553350-21-000905.htm,,
1012493,FERRELLGAS PARTNERS FINANCE CORP,10-K,2021-10-15,2021-07-31,5900,https://www.sec.gov/Archives/edgar/data/922358/000155837021013178/fgp-20210731x10k.htm,1012493_10K_2021_0001558370-21-013178.htm,,
1013237,FACTSET RESEARCH SYSTEMS INC,10-K,2021-10-22,2021-08-31,7370,https://www.sec.gov/Archives/edgar/data/1013237/000101323721000142/fds-20210831.htm,1013237_10K_2021_0001013237-21-000142.htm,,
1014052,"Digerati Technologies, Inc.",10-K,2021-10-26,2021-07-31,7374,https://www.sec.gov/Archives/edgar/data/1014052/000121390021054631/f10k2021_digeratitech.htm,1014052_10K_2021_0001213900-21-054631.htm,,
1022505,CIPHERLOC Corp,10-K,2021-12-21,2021-09-30,7374,https://www.sec.gov/Archives/edgar/data/1022505/000149315221032215/form10-k.htm,1022505_10K_2021_0001493152-21-032215.htm,,
1023198,"StemGen, Inc.",10-K,2021-10-15,2021-06-30,7372,https://www.sec.gov/Archives/edgar/data/1023198/000116169721000489/form_10-k.htm,1023198_10K_2021_0001161697-21-000489.htm,,
1023459,"Simulations Plus, Inc.",10-K,2021-10-27,2021-08-31,7373,https://www.sec.gov/Archives/edgar/data/1023459/000168316821005076/simulations_10k-083121.htm,1023459_10K_2021_0001683168-21-005076.htm,,
1024478,"ROCKWELL AUTOMATION, INC",10-K,2021-11-09,2021-09-30,3829,https://www.sec.gov/Archives/edgar/data/1024478/000102447821000083/rok-20210930.htm,1024478_10K_2021_0001024478-21-000083.htm,,
1029744,SONIC FOUNDRY INC,10-K,2021-12-09,2021-09-30,3663,https://www.sec.gov/Archives/edgar/data/1029744/000143774921028230/sofo20210930_10k.htm,1029744_10K_2021_0001437749-21-028230.htm,,
1032220,"MAXIMUS, INC.",10-K,2021-11-18,2021-09-30,7389,https://www.sec.gov/Archives/edgar/data/1032220/000162828021023790/mms-20210930.htm,1032220_10K_2021_0001628280-21-023790.htm,,
103595,VILLAGE SUPER MARKET INC,10-K,2021-10-14,2021-07-31,5411,https://www.sec.gov/Archives/edgar/data/103595/000010359521000014/vlgea-20210731.htm,103595_10K_2021_0000103595-21-000014.htm,,
1041803,PRICESMART INC,10-K,2021-10-21,2021-08-31,5331,https://www.sec.gov/Archives/edgar/data/1041803/000156276221000364/psmt-20210831x10k.htm,1041803_10K_2021_0001562762-21-000364.htm,,
1045742,LIVE VENTURES Inc,10-K,2021-12-28,2021-09-30,5900,https://www.sec.gov/Archives/edgar/data/1045742/000095017021005367/live-20210930.htm,1045742_10K_2021_0000950170-21-005367.htm,,
1045942,"Track Group, Inc.",10-K,2021-12-16,2021-09-30,3669,https://www.sec.gov/Archives/edgar/data/1045942/000185173421000150/trkg20210930_10k.htm,1045942_10K_2021_0001851734-21-000150.htm,,
1046050,TIMBERLAND BANCORP INC,10-K,2021-12-08,2021-09-30,6036,https://www.sec.gov/Archives/edgar/data/1046050/000093905721000347/tsbk-20210930.htm,1046050_10K_2021_0000939057-21-000347.htm,,
1048268,"IES Holdings, Inc.",10-K,2021-12-03,2021-09-30,1731,https://www.sec.gov/Archives/edgar/data/1048268/000104826821000162/iesc-20210930.htm,1048268_10K_2021_0001048268-21-000162.htm,,
1048695,"F5, INC.",10-K,2021-11-16,2021-09-30,3576,https://www.sec.gov/Archives/edgar/data/1048695/000104869521000044/ffiv-20210930.htm,1048695_10K_2021_0001048695-21-000044.htm,,
105132,WD 40 CO,10-K,2021-10-22,2021-08-31,2890,https://www.sec.gov/Archives/edgar/data/105132/000010513221000028/wdfc-20210831x10k.htm,105132_10K_2021_0000105132-21-000028.htm,,
1057060,MARINEMAX INC,10-K,2021-11-19,2021-09-30,5531,https://www.sec.gov/Archives/edgar/data/1057060/000156459021057762/hzo-10k_20210930.htm,1057060_10K_2021_0001564590-21-057762.htm,,
1061164,PEREGRINE INDUSTRIES INC,10-K,2021-11-18,2021-07-31,3569,https://www.sec.gov/Archives/edgar/data/1061164/000147793221008503/pgid_10k.htm,1061164_10K_2021_0001477932-21-008503.htm,,
1067873,AS-IP TECH INC,10-K,2021-10-06,2021-06-30,3728,https://www.sec.gov/Archives/edgar/data/1067873/000139390521000451/iptk-20210630.htm,1067873_10K_2021_0001393905-21-000451.htm,,
1069533,RGC RESOURCES INC,10-K,2021-12-02,2021-09-30,4923,https://www.sec.gov/Archives/edgar/data/1069533/000143774921027683/rgco20210930_10k.htm,1069533_10K_2021_0001437749-21-027683.htm,,
1071272,EASTON PHARMACEUTICALS INC.,10-K,2021-12-22,2019-12-31,2834,https://www.sec.gov/Archives/edgar/data/1071272/000107127221000003/EAPHEDGARfilingDec31_19.htm,1071272_10K_2019_0001071272-21-000003.htm,,
1071272,EASTON PHARMACEUTICALS INC.,10-K,2021-12-22,2020-12-31,2834,https://www.sec.gov/Archives/edgar/data/1071272/000107127221000004/EAPHEDGARfilingDec31_20.htm,1071272_10K_2020_0001071272-21-000004.htm,,
1071840,"SolarWindow Technologies, Inc.",10-K,2021-11-04,2021-08-31,2860,https://www.sec.gov/Archives/edgar/data/1071840/000117184321007579/f10k_110321p.htm,1071840_10K_2021_0001171843-21-007579.htm,,
1073748,YUMMIES INC,10-K,2021-12-23,2021-09-30,6770,https://www.sec.gov/Archives/edgar/data/1073748/000121390021067186/f10k2021_yummiesinc.htm,1073748_10K_2021_0001213900-21-067186.htm,,
1074828,"KNOW LABS, INC.",10-K,2021-12-21,2021-09-30,3829,https://www.sec.gov/Archives/edgar/data/1074828/000165495421013414/knwn_10k.htm,1074828_10K_2021_0001654954-21-013414.htm,,
107687,WINNEBAGO INDUSTRIES INC,10-K,2021-10-20,2021-08-28,3716,https://www.sec.gov/Archives/edgar/data/107687/000010768721000043/wgo-20210828.htm,107687_10K_2021_0000107687-21-000043.htm,,
10795,BECTON DICKINSON & CO,10-K,2021-11-24,2021-09-30,3841,https://www.sec.gov/Archives/edgar/data/10795/000001079521000091/bdx-20210930.htm,10795_10K_2021_0000010795-21-000091.htm,,
1082733,"VISIUM TECHNOLOGIES, INC.",10-K,2021-10-13,2021-06-30,7371,https://www.sec.gov/Archives/edgar/data/1082733/000165495421011057/visium10-k2021v4.htm,1082733_10K_2021_0001654954-21-011057.htm,,
108312,"Woodward, Inc.",10-K,2021-11-19,2021-09-30,3620,https://www.sec.gov/Archives/edgar/data/108312/000156459021057773/wwd-10k_20210930.htm,108312_10K_2021_0001564590-21-057773.htm,,
1090872,"AGILENT TECHNOLOGIES, INC.",10-K,2021-12-17,2021-10-31,3826,https://www.sec.gov/Archives/edgar/data/1090872/000109087221000027/a-20211031.htm,1090872_10K_2021_0001090872-21-000027.htm,,
109177,"Spectrum Brands Holdings, Inc.",10-K,2021-11-23,2021-09-30,3690,https://www.sec.gov/Archives/edgar/data/109177/000010917721000058/spb-20210930.htm,109177_10K_2021_0000109177-21-000058.htm,,
1096752,EDGEWELL PERSONAL CARE Co,10-K,2021-11-19,2021-09-30,2844,https://www.sec.gov/Archives/edgar/data/1096752/000109675221000032/epc-20210930.htm,1096752_10K_2021_0001096752-21-000032.htm,,
1099369,DESTINY MEDIA TECHNOLOGIES INC,10-K,2021-11-23,2021-08-31,7372,https://www.sec.gov/Archives/edgar/data/1099369/000106299321011409/form10k.htm,1099369_10K_2021_0001062993-21-011409.htm,,
1101396,"DELTA APPAREL, INC",10-K,2021-11-22,2021-10-02,5130,https://www.sec.gov/Archives/edgar/data/1101396/000143774921027229/dla20210928_10k.htm,1101396_10K_2021_0001437749-21-027229.htm,,
1102934,"CMC Materials, Inc.",10-K,2021-11-12,2021-09-30,3674,https://www.sec.gov/Archives/edgar/data/1102934/000110293421000052/ccmp-20210930.htm,1102934_10K_2021_0001102934-21-000052.htm,,
1106838,"Sonnet BioTherapeutics Holdings, Inc.",10-K,2021-12-17,2021-09-30,2834,https://www.sec.gov/Archives/edgar/data/1106838/000149315221031781/form10-k.htm,1106838_10K_2021_0001493152-21-031781.htm,,
1113256,"MERITOR, INC.",10-K,2021-11-17,2021-10-03,3714,https://www.sec.gov/Archives/edgar/data/1113256/000111325621000128/mtor-20211003.htm,1113256_10K_2021_0001113256-21-000128.htm,,
1118417,"MODEL N, INC.",10-K,2021-11-19,2021-09-30,7370,https://www.sec.gov/Archives/edgar/data/1118417/000111841721000166/modn-20210930.htm,1118417_10K_2021_0001118417-21-000166.htm,,
1124941,BEACON ROOFING SUPPLY INC,10-K,2021-11-19,2021-09-30,5030,https://www.sec.gov/Archives/edgar/data/1124941/000095017021004791/becn-20210930.htm,1124941_10K_2021_0000950170-21-004791.htm,,
1126956,SPIRE INC,10-K,2021-11-22,2021-09-30,4924,https://www.sec.gov/Archives/edgar/data/3146/000156459021057844/sr-10k_20210930.htm,1126956_10K_2021_0001564590-21-057844.htm,,
1127475,"Digital Brand Media & Marketing Group, Inc.",10-K,2021-11-05,2021-08-31,7389,https://www.sec.gov/Archives/edgar/data/1127475/000118518521001609/dbmm20210831_10k.htm,1127475_10K_2021_0001185185-21-001609.htm,,
1128383,NEVADA CLASSIC THOROUGHBREDS INC,10-K,2021-10-15,2021-06-30,7948,https://www.sec.gov/Archives/edgar/data/1128383/000112838321000010/r10k063021.htm,1128383_10K_2021_0001128383-21-000010.htm,,
1133062,JANEL CORP,10-K,2021-12-27,2021-09-30,7389,https://www.sec.gov/Archives/edgar/data/1133062/000114036121042974/brhc10032139_10k.htm,1133062_10K_2021_0001140361-21-042974.htm,,
1133470,CALAVO GROWERS INC,10-K,2021-12-21,2021-10-31,0700,https://www.sec.gov/Archives/edgar/data/1133470/000155837021016971/cvgw-20211031x10k.htm,1133470_10K_2021_0001558370-21-016971.htm,,
1138978,"Novo Integrated Sciences, Inc.",10-K,2021-12-14,2021-08-31,3510,https://www.sec.gov/Archives/edgar/data/1138978/000149315221031449/form10-k.htm,1138978_10K_2021_0001493152-21-031449.htm,,
1140859,AMERISOURCEBERGEN CORP,10-K,2021-11-23,2021-09-30,5122,https://www.sec.gov/Archives/edgar/data/1140859/000114085921000058/abc-20210930.htm,1140859_10K_2021_0001140859-21-000058.htm,,
1143513,GLADSTONE CAPITAL CORP,10-K,2021-11-15,2021-09-30,,https://www.sec.gov/Archives/edgar/data/1143513/000119312521329867/d234860d10k.htm,1143513_10K_2021_0001193125-21-329867.htm,,
1144215,ACUITY BRANDS INC,10-K,2021-10-27,2021-08-31,3640,https://www.sec.gov/Archives/edgar/data/1144215/000114421521000097/ayi-20210831.htm,1144215_10K_2021_0001144215-21-000097.htm,,
1145255,HENNESSY ADVISORS INC,10-K,2021-11-24,2021-09-30,6282,https://www.sec.gov/Archives/edgar/data/1145255/000119312521340363/d217853d10k.htm,1145255_10K_2021_0001193125-21-340363.htm,,
1160951,"DUCK CREEK TECHNOLOGIES, INC.",10-K,2021-10-29,2021-08-31,7372,https://www.sec.gov/Archives/edgar/data/1160951/000156459021052973/dct-10k_20210831.htm,1160951_10K_2021_0001564590-21-052973.htm,,
1173281,"NeuBase Therapeutics, Inc.",10-K,2021-12-23,2021-09-30,2834,https://www.sec.gov/Archives/edgar/data/1173281/000141057821000599/tmb-20210930x10k.htm,1173281_10K_2021_0001410578-21-000599.htm,,
1176309,ORAMED PHARMACEUTICALS INC.,10-K,2021-11-24,2021-08-31,2834,https://www.sec.gov/Archives/edgar/data/1176309/000121390021062009/f10k2021_oramedpharma.htm,1176309_10K_2021_0001213900-21-062009.htm,,
1177648,ENANTA PHARMACEUTICALS INC,10-K,2021-11-24,2021-09-30,2834,https://www.sec.gov/Archives/edgar/data/1177648/000095017021004895/enta-20210930.htm,1177648_10K_2021_0000950170-21-004895.htm,,
1206942,GOLDEN GRAIN ENERGY,10-K,2021-12-30,2021-10-31,2860,https://www.sec.gov/Archives/edgar/data/1206942/000120694221000049/gold-20211031.htm,1206942_10K_2021_0001206942-21-000049.htm,,
1222333,SPDR GOLD TRUST,10-K,2021-11-24,2021-09-30,6221,https://www.sec.gov/Archives/edgar/data/1222333/000119312521340496/d121499d10k.htm,1222333_10K_2021_0001193125-21-340496.htm,,
1230524,Cyber Apps World,10-K,2021-10-28,2021-07-31,8742,https://www.sec.gov/Archives/edgar/data/1230524/000157570521000729/cyberappsworld_10k.htm,1230524_10K_2021_0001575705-21-000729.htm,,
1235468,LIQUIDITY SERVICES INC,10-K,2021-12-09,2021-09-30,7389,https://www.sec.gov/Archives/edgar/data/1235468/000123546821000173/lqdt-20210930.htm,1235468_10K_2021_0001235468-21-000173.htm,,
1260221,TransDigm Group INC,10-K,2021-11-16,2021-09-30,3728,https://www.sec.gov/Archives/edgar/data/1260221/000126022121000134/tdg-20210930.htm,1260221_10K_2021_0001260221-21-000134.htm,,
1261654,UNIVERSAL TECHNICAL INSTITUTE INC,10-K,2021-12-02,2021-09-30,8200,https://www.sec.gov/Archives/edgar/data/1261654/000126165421000073/uti-20210930.htm,1261654_10K_2021_0001261654-21-000073.htm,,
1267919,SIGNATURE DEVICES INC,10-K,2021-10-05,2020-12-31,7372,https://www.sec.gov/Archives/edgar/data/1267919/000137647421000336/sdv-20201231.htm,1267919_10K_2020_0001376474-21-000336.htm,,
1267919,SIGNATURE DEVICES INC,10-K,2021-10-07,2019-12-31,7372,https://www.sec.gov/Archives/edgar/data/1267919/000137647421000344/sdv-20191231.htm,1267919_10K_2019_0001376474-21-000344.htm,,
1286459,ALL FOR ONE MEDIA CORP.,10-K,2021-12-17,2021-09-30,7900,https://www.sec.gov/Archives/edgar/data/1286459/000147793221009314/afom_10k.htm,1286459_10K_2021_0001477932-21-009314.htm,,
1288750,Timberline Resources Corp,10-K,2021-12-20,2021-09-30,1040,https://www.sec.gov/Archives/edgar/data/1288750/000105291821000415/tlrs-20210930.htm,1288750_10K_2021_0001052918-21-000415.htm,,
1297937,"PARKS AMERICA, INC",10-K,2021-12-09,2021-10-03,7990,https://www.sec.gov/Archives/edgar/data/1297937/000149315221030972/form10-k.htm,1297937_10K_2021_0001493152-21-030972.htm,,
1301991,"SmartMetric, Inc.",10-K,2021-10-12,2021-06-30,3990,https://www.sec.gov/Archives/edgar/data/1301991/000182912621011870/smartmetric_10k.htm,1301991_10K_2021_0001829126-21-011870.htm,,
1304741,Cannagistics Inc.,10-K,2021-11-04,2021-07-31,1000,https://www.sec.gov/Archives/edgar/data/1304741/000166357721000582/cngt10k.htm,1304741_10K_2021_0001663577-21-000582.htm,,
1308547,"Dolby Laboratories, Inc.",10-K,2021-11-17,2021-09-24,6794,https://www.sec.gov/Archives/edgar/data/1308547/000162828021023630/dlb-20210924.htm,1308547_10K_2021_0001628280-21-023630.htm,,
1314052,ANAVEX LIFE SCIENCES CORP.,10-K,2021-11-24,2021-09-30,8731,https://www.sec.gov/Archives/edgar/data/1314052/000173112221002062/e3306_10-k.htm,1314052_10K_2021_0001731122-21-002062.htm,,
1314727,Sonos Inc,10-K,2021-11-22,2021-10-02,3651,https://www.sec.gov/Archives/edgar/data/1314727/000131472721000039/sono-20211002.htm,1314727_10K_2021_0001314727-21-000039.htm,,
1319161,Warner Music Group Corp.,10-K,2021-11-23,2021-09-30,7900,https://www.sec.gov/Archives/edgar/data/1319161/000131916121000036/wmg-20210930.htm,1319161_10K_2021_0001319161-21-000036.htm,,
1331612,"INNOVATIVE MEDTECH, INC.",10-K,2021-10-13,2021-06-30,5040,https://www.sec.gov/Archives/edgar/data/1331612/000147793221007237/frhv_10k.htm,1331612_10K_2021_0001477932-21-007237.htm,,
1333822,SemiLEDs Corp,10-K,2021-11-29,2021-08-31,3674,https://www.sec.gov/Archives/edgar/data/1333822/000156459021058603/leds-10k_20210831.htm,1333822_10K_2021_0001564590-21-058603.htm,,
1334933,URANIUM ENERGY CORP,10-K,2021-10-28,2021-07-31,1090,https://www.sec.gov/Archives/edgar/data/1334933/000143774921024433/uec20210731_10k.htm,1334933_10K_2021_0001437749-21-024433.htm,,
1337068,"Magyar Bancorp, Inc.",10-K,2021-12-20,2021-09-30,6035,https://www.sec.gov/Archives/edgar/data/1337068/000117494721001150/form10k-27058mgyr.htm,1337068_10K_2021_0001174947-21-001150.htm,,
1338929,"Global Fiber Technologies, Inc.",10-K,2021-10-01,2020-12-31,5130,https://www.sec.gov/Archives/edgar/data/1338929/000147793221006965/gftx_10k.htm,1338929_10K_2020_0001477932-21-006965.htm,,
1341726,"GULFSLOPE ENERGY, INC.",10-K,2021-12-29,2021-09-30,1311,https://www.sec.gov/Archives/edgar/data/1341726/000158069521000356/gspe-10k_093021.htm,1341726_10K_2021_0001580695-21-000356.htm,,
1342792,WORLDWIDE STRATEGIES INC,10-K,2021-10-29,2021-07-31,7372,https://www.sec.gov/Archives/edgar/data/1342792/000168316821005134/worldwide_10k-073121.htm,1342792_10K_2021_0001683168-21-005134.htm,,
1343009,Cannabics Pharmaceuticals Inc.,10-K,2021-11-29,2021-08-31,2834,https://www.sec.gov/Archives/edgar/data/1343009/000168316821006005/cannabics_10k-083121.htm,1343009_10K_2021_0001683168-21-006005.htm,,
1346022,Enertopia Corp.,10-K,2021-11-10,2021-08-31,1000,https://www.sec.gov/Archives/edgar/data/1346022/000106299321010561/form10k.htm,1346022_10K_2021_0001062993-21-010561.htm,,
1348362,Lexaria Bioscience Corp.,10-K,2021-11-29,2021-08-31,2834,https://www.sec.gov/Archives/edgar/data/1348362/000164033421002981/lxrp_10k.htm,1348362_10K_2021_0001640334-21-002981.htm,,
1350420,"Lincolnway Energy, LLC",10-K,2021-12-22,2021-09-30,2860,https://www.sec.gov/Archives/edgar/data/1350420/000135042021000022/lwenergy-20210930.htm,1350420_10K_2021_0001350420-21-000022.htm,,
1350593,"Mueller Water Products, Inc.",10-K,2021-11-19,2021-09-30,3490,https://www.sec.gov/Archives/edgar/data/1350593/000135059321000061/mwa-20210930.htm,1350593_10K_2021_0001350593-21-000061.htm,,
1352081,Cardinal Ethanol LLC,10-K,2021-11-19,2021-09-30,2860,https://www.sec.gov/Archives/edgar/data/1352081/000135208121000022/card-20210930.htm,1352081_10K_2021_0001352081-21-000022.htm,,
1353970,China XD Plastics Co Ltd,10-K,2021-11-15,2020-12-31,3086,https://www.sec.gov/Archives/edgar/data/1353970/000149315221028658/form10-k.htm,1353970_10K_2020_0001493152-21-028658.htm,,
1357971,Energy Services of America CORP,10-K,2021-12-29,2021-09-30,1623,https://www.sec.gov/Archives/edgar/data/1357971/000141057821000612/esoa-20210930x10k.htm,1357971_10K_2021_0001410578-21-000612.htm,,
1359687,"RED TRAIL ENERGY, LLC",10-K,2021-12-17,2021-09-30,2860,https://www.sec.gov/Archives/edgar/data/1359687/000135968721000015/rte-20210930.htm,1359687_10K_2021_0001359687-21-000015.htm,,
1362516,"Cleartronic, Inc.",10-K,2021-12-29,2021-09-30,4812,https://www.sec.gov/Archives/edgar/data/1362516/000109181821000154/clri10k0921.htm,1362516_10K_2021_0001091818-21-000154.htm,,
1368458,"Sally Beauty Holdings, Inc.",10-K,2021-11-22,2021-09-30,5990,https://www.sec.gov/Archives/edgar/data/1368458/000156459021057810/sbh-10k_20210930.htm,1368458_10K_2021_0001564590-21-057810.htm,,
1373690,Indigenous Roots Corp.,10-K,2021-12-16,2021-08-31,1000,https://www.sec.gov/Archives/edgar/data/1373690/000106299321012972/form10k.htm,1373690_10K_2021_0001062993-21-012972.htm,,
1376793,"Cavitation Technologies, Inc.",10-K,2021-10-13,2021-06-30,0700,https://www.sec.gov/Archives/edgar/data/1376793/000168316821004823/cavitation_10k-063021.htm,1376793_10K_2021_0001683168-21-004823.htm,,
1376986,Tennessee Valley Authority,10-K,2021-11-15,2021-09-30,4911,https://www.sec.gov/Archives/edgar/data/1376986/000137698621000028/tve-20210930.htm,1376986_10K_2021_0001376986-21-000028.htm,,
1377167,"Financial Gravity Companies, Inc.",10-K,2021-12-30,2021-09-30,6199,https://www.sec.gov/Archives/edgar/data/1377167/000168316821006644/fingravity_i10k-093021.htm,1377167_10K_2021_0001683168-21-006644.htm,,
1378590,"Bridgeline Digital, Inc.",10-K,2021-12-20,2021-09-30,7372,https://www.sec.gov/Archives/edgar/data/1378590/000143774921028984/blin20210827_10k.htm,1378590_10K_2021_0001437749-21-028984.htm,,
1378992,"BERRY GLOBAL GROUP, INC.",10-K,2021-11-18,2021-10-02,3089,https://www.sec.gov/Archives/edgar/data/1378992/000114036121038583/form10k.htm,1378992_10K_2021_0001140361-21-038583.htm,,
1379006,"NANOVIRICIDES, INC.",10-K,2021-10-12,2021-06-30,2834,https://www.sec.gov/Archives/edgar/data/1379006/000110465921125343/tm2124471d1_10k.htm,1379006_10K_2021_0001104659-21-125343.htm,,
1381668,TFS Financial CORP,10-K,2021-11-24,2021-09-30,6035,https://www.sec.gov/Archives/edgar/data/1381668/000138166821000109/tfsl-20210930.htm,1381668_10K_2021_0001381668-21-000109.htm,,
1382230,"ESSA Bancorp, Inc.",10-K,2021-12-14,2021-09-30,6036,https://www.sec.gov/Archives/edgar/data/1382230/000156459021060332/essa-10k_20210930.htm,1382230_10K_2021_0001564590-21-060332.htm,,
1383414,PENNANTPARK INVESTMENT CORP,10-K,2021-11-17,2021-09-30,,https://www.sec.gov/Archives/edgar/data/1383414/000156459021057446/pnnt-10k_20210930.htm,1383414_10K_2021_0001564590-21-057446.htm,,
1385157,TE Connectivity Ltd.,10-K,2021-11-09,2021-09-24,5065,https://www.sec.gov/Archives/edgar/data/1385157/000155837021015228/tel-20210924x10k.htm,1385157_10K_2021_0001558370-21-015228.htm,,
1397016,Optex Systems Holdings Inc,10-K,2021-12-20,2021-10-03,3827,https://www.sec.gov/Archives/edgar/data/1397016/000149315221032028/form10-k.htm,1397016_10K_2021_0001493152-21-032028.htm,,
1403161,VISA INC.,10-K,2021-11-18,2021-09-30,7389,https://www.sec.gov/Archives/edgar/data/1403161/000140316121000060/v-20210930.htm,1403161_10K_2021_0001403161-21-000060.htm,,
1406587,Forestar Group Inc.,10-K,2021-11-18,2021-09-30,6500,https://www.sec.gov/Archives/edgar/data/1406587/000140658721000093/for-20210930.htm,1406587_10K_2021_0001406587-21-000093.htm,,
1409175,"WECONNECT Tech International, Inc.",10-K,2021-10-26,2021-07-31,7389,https://www.sec.gov/Archives/edgar/data/1409175/000168316821005029/wect_10k-073121.htm,1409175_10K_2021_0001683168-21-005029.htm,,
1409197,"Bespoke Extracts, Inc.",10-K,2021-12-13,2021-08-31,2834,https://www.sec.gov/Archives/edgar/data/1409197/000121390021065002/f10k2021_bespoke.htm,1409197_10K_2021_0001213900-21-065002.htm,,
1410738,Voip-pal.com Inc,10-K,2021-12-15,2021-09-30,3661,https://www.sec.gov/Archives/edgar/data/1410738/000149315221031576/form10-k.htm,1410738_10K_2021_0001493152-21-031576.htm,,
1413488,"CANNABIS GLOBAL, INC.",10-K,2021-12-14,2021-08-31,2836,https://www.sec.gov/Archives/edgar/data/1413488/000107997321001237/cbgl_10k-083121.htm,1413488_10K_2021_0001079973-21-001237.htm,,
1414382,Concrete Leveling Systems Inc,10-K,2021-10-29,2021-07-31,3590,https://www.sec.gov/Archives/edgar/data/1414382/000147793221007667/clev_10k.htm,1414382_10K_2021_0001477932-21-007667.htm,,
1414932,Oaktree Specialty Lending Corp,10-K,2021-11-16,2021-09-30,,https://www.sec.gov/Archives/edgar/data/1414932/000141493221000020/ocsl-09302021x10xk.htm,1414932_10K_2021_0001414932-21-000020.htm,,
1415744,NORTHERN MINERALS & EXPLORATION LTD.,10-K,2021-10-29,2021-07-31,1040,https://www.sec.gov/Archives/edgar/data/1415744/000165495421011514/nmex_10k.htm,1415744_10K_2021_0001654954-21-011514.htm,,
1417398,"Hillenbrand, Inc.",10-K,2021-11-17,2021-09-30,3990,https://www.sec.gov/Archives/edgar/data/1417398/000141739821000045/hi-20210930.htm,1417398_10K_2021_0001417398-21-000045.htm,,
1417663,"SANUWAVE Health, Inc.",10-K,2021-10-21,2020-12-31,3841,https://www.sec.gov/Archives/edgar/data/1417663/000114036121035116/brhc10029287_10k.htm,1417663_10K_2020_0001140361-21-035116.htm,,
1418100,Avaya Holdings Corp.,10-K,2021-11-22,2021-09-30,3661,https://www.sec.gov/Archives/edgar/data/1418100/000141810021000095/avya-20210930.htm,1418100_10K_2021_0001418100-21-000095.htm,,
1418372,"Salamander Innisbrook, LLC",10-K,2021-12-23,2020-12-31,7900,https://www.sec.gov/Archives/edgar/data/1418372/000110465921153144/tm2135575d1_10k.htm,1418372_10K_2020_0001104659-21-153144.htm,,
1423221,Quanex Building Products CORP,10-K,2021-12-17,2021-10-31,3350,https://www.sec.gov/Archives/edgar/data/1423221/000142322121000018/nx-20211031.htm,1423221_10K_2021_0001423221-21-000018.htm,,
1424404,Wolverine Technologies Corp.,10-K,2021-11-17,2021-05-31,1000,https://www.sec.gov/Archives/edgar/data/1424404/000106299321011036/form10k.htm,1424404_10K_2021_0001062993-21-011036.htm,,
1424844,"SOUTHWEST IOWA RENEWABLE ENERGY, LLC",10-K,2021-12-23,2021-09-30,2860,https://www.sec.gov/Archives/edgar/data/1424844/000143774921029194/sire20210930_10k.htm,1424844_10K_2021_0001437749-21-029194.htm,,
1424864,Rise Gold Corp.,10-K,2021-10-29,2021-07-31,1000,https://www.sec.gov/Archives/edgar/data/1424864/000106299321009984/form10k.htm,1424864_10K_2021_0001062993-21-009984.htm,,
1435181,Pharmagreen Biotech Inc.,10-K,2021-12-29,2021-09-30,4581,https://www.sec.gov/Archives/edgar/data/1435181/000147793221009538/phbi_10k.htm,1435181_10K_2021_0001477932-21-009538.htm,,
1435508,"First Savings Financial Group, Inc.",10-K,2021-12-14,2021-09-30,6035,https://www.sec.gov/Archives/edgar/data/1435508/000141057821000533/fsfg-20210930x10k.htm,1435508_10K_2021_0001410578-21-000533.htm,,
1437750,Trex Acquisition Corp.,10-K,2021-10-06,2021-06-30,7389,https://www.sec.gov/Archives/edgar/data/1437750/000147793221007047/trxa_10k.htm,1437750_10K_2021_0001477932-21-007047.htm,,
1438731,ALJ REGIONAL HOLDINGS INC,10-K,2021-12-20,2021-09-30,7389,https://www.sec.gov/Archives/edgar/data/1438731/000156459021060735/aljj-10k_20210930.htm,1438731_10K_2021_0001564590-21-060735.htm,,
1441082,Healing Co Inc.,10-K,2021-10-14,2021-06-30,1000,https://www.sec.gov/Archives/edgar/data/1441082/000147793221007305/thcc_10k.htm,1441082_10K_2021_0001477932-21-007305.htm,,
1443388,GREEN HYGIENICS HOLDINGS INC.,10-K,2021-11-19,2021-07-31,1000,https://www.sec.gov/Archives/edgar/data/1443388/000147793221008557/gryn_10k.htm,1443388_10K_2021_0001477932-21-008557.htm,,
1444307,ONCOSEC MEDICAL Inc,10-K,2021-10-29,2021-07-31,2834,https://www.sec.gov/Archives/edgar/data/1444307/000149315221026721/form10-k.htm,1444307_10K_2021_0001493152-21-026721.htm,,
1445942,Texas Mineral Resources Corp.,10-K,2021-11-29,2021-08-31,1040,https://www.sec.gov/Archives/edgar/data/1445942/000138713121011603/tmrc-10k_083121.htm,1445942_10K_2021_0001387131-21-011603.htm,,
1451448,"ESPORTS ENTERTAINMENT GROUP, INC.",10-K,2021-10-13,2021-06-30,7900,https://www.sec.gov/Archives/edgar/data/1451448/000149315221025333/form10-k.htm,1451448_10K_2021_0001493152-21-025333.htm,,
1467373,Accenture plc,10-K,2021-10-15,2021-08-31,7389,https://www.sec.gov/Archives/edgar/data/1467373/000146737321000229/acn-20210831.htm,1467373_10K_2021_0001467373-21-000229.htm,,
1467845,"Kashin, Inc.",10-K,2021-12-06,2021-04-30,8200,https://www.sec.gov/Archives/edgar/data/1467845/000168316821006119/kusa_10k-043021.htm,1467845_10K_2021_0001683168-21-006119.htm,,
1473490,"Wall Street Media Co, Inc.",10-K,2021-12-20,2021-09-30,5960,https://www.sec.gov/Archives/edgar/data/1473490/000149315221032076/form10-k.htm,1473490_10K_2021_0001493152-21-032076.htm,,
1476765,"GOLUB CAPITAL BDC, Inc.",10-K,2021-11-29,2021-09-30,,https://www.sec.gov/Archives/edgar/data/1476765/000147676521000176/gbdcfy202110-k.htm,1476765_10K_2021_0001476765-21-000176.htm,,
1481028,"SUNHYDROGEN, INC.",10-K,2021-10-08,2021-06-30,3674,https://www.sec.gov/Archives/edgar/data/1481028/000121390021052059/f10k2021_sunhydrogen.htm,1481028_10K_2021_0001213900-21-052059.htm,,
1481504,"XERIANT, INC.",10-K,2021-10-13,2021-06-30,3721,https://www.sec.gov/Archives/edgar/data/1481504/000147793221007235/xeri_10k.htm,1481504_10K_2021_0001477932-21-007235.htm,,
1482554,Hartford Great Health Corp.,10-K,2021-10-29,2021-07-31,7374,https://www.sec.gov/Archives/edgar/data/1482554/000149315221026695/form10-k.htm,1482554_10K_2021_0001493152-21-026695.htm,,
1490349,PhenixFIN Corp,10-K,2021-12-20,2021-09-30,,https://www.sec.gov/Archives/edgar/data/1490349/000121390021066179/f10k2021_phenixfincorp.htm,1490349_10K_2021_0001213900-21-066179.htm,,
1490906,"Capitol Federal Financial, Inc.",10-K,2021-11-24,2021-09-30,6035,https://www.sec.gov/Archives/edgar/data/1490906/000149090621000065/cffn-20210930.htm,1490906_10K_2021_0001490906-21-000065.htm,,
1492617,"PAN GLOBAL, CORP.",10-K,2021-12-29,2021-09-30,7380,https://www.sec.gov/Archives/edgar/data/1492617/000182912621017193/panglobal_10k.htm,1492617_10K_2021_0001829126-21-017193.htm,,
1493594,"MACOM Technology Solutions Holdings, Inc.",10-K,2021-11-15,2021-10-01,3674,https://www.sec.gov/Archives/edgar/data/1493594/000149359421000079/mtsi-20211001.htm,1493594_10K_2021_0001493594-21-000079.htm,,
1499961,MULLEN AUTOMOTIVE INC.,10-K,2021-12-29,2021-09-30,7374,https://www.sec.gov/Archives/edgar/data/1499961/000110465921154243/muln-20210930x10k.htm,1499961_10K_2021_0001104659-21-154243.htm,,
1500198,NEUROONE MEDICAL TECHNOLOGIES Corp,10-K,2021-12-15,2021-09-30,3841,https://www.sec.gov/Archives/edgar/data/1500198/000121390021065463/f10k2021_neuroone.htm,1500198_10K_2021_0001213900-21-065463.htm,,
1500305,Sustainable Projects Group Inc.,10-K,2021-12-13,2020-12-31,1311,https://www.sec.gov/Archives/edgar/data/1500305/000149315221031181/form10-k.htm,1500305_10K_2020_0001493152-21-031181.htm,,
1502966,"Digipath, Inc.",10-K,2021-12-29,2021-09-30,8742,https://www.sec.gov/Archives/edgar/data/1502966/000149315221032711/form10-k.htm,1502966_10K_2021_0001493152-21-032711.htm,,
1504619,PennantPark Floating Rate Capital Ltd.,10-K,2021-11-17,2021-09-30,,https://www.sec.gov/Archives/edgar/data/1504619/000156459021057464/pflt-10k_20210930.htm,1504619_10K_2021_0001564590-21-057464.htm,,
1506251,"Citius Pharmaceuticals, Inc.",10-K,2021-12-15,2021-09-30,2834,https://www.sec.gov/Archives/edgar/data/1506251/000121390021065464/f10k2021_citiuspharma.htm,1506251_10K_2021_0001213900-21-065464.htm,,
1506929,"VERDE RESOURCES, INC.",10-K,2021-11-12,2021-06-30,1040,https://www.sec.gov/Archives/edgar/data/1506929/000164033421002756/vrdr_10k.htm,1506929_10K_2021_0001640334-21-002756.htm,,
1508348,"AmeriCann, Inc.",10-K,2021-12-06,2021-09-30,8742,https://www.sec.gov/Archives/edgar/data/1508348/000143774921027906/acan20210930_10k.htm,1508348_10K_2021_0001437749-21-027906.htm,,
1517130,Pingtan Marine Enterprise Ltd.,10-K,2021-10-13,2020-12-31,0900,https://www.sec.gov/Archives/edgar/data/1517130/000121390021052493/f10k2020_pingtanmarine.htm,1517130_10K_2020_0001213900-21-052493.htm,,
1522690,"GWG Holdings, Inc.",10-K,2021-11-05,2020-12-31,6311,https://www.sec.gov/Archives/edgar/data/1522690/000152269021000008/gwgh-20201231.htm,1522690_10K_2020_0001522690-21-000008.htm,,
1525852,"BOTS, Inc./PR",10-K,2021-11-15,2021-04-30,2111,https://www.sec.gov/Archives/edgar/data/1525852/000147793221008327/bots_10k.htm,1525852_10K_2021_0001477932-21-008327.htm,,
1527613,"NuZee, Inc.",10-K,2021-12-22,2021-09-30,5900,https://www.sec.gov/Archives/edgar/data/1527613/000149315221032231/form10-k.htm,1527613_10K_2021_0001493152-21-032231.htm,,
1530950,"Post Holdings, Inc.",10-K,2021-11-19,2021-09-30,2040,https://www.sec.gov/Archives/edgar/data/1530950/000153095021000383/post-20210930.htm,1530950_10K_2021_0001530950-21-000383.htm,,
1534155,"Ameri Metro, Inc. (formerly Yellowwood)",10-K,2021-10-27,2021-07-31,1600,https://www.sec.gov/Archives/edgar/data/1534155/000153415521000024/amgi10k0721.htm,1534155_10K_2021_0001534155-21-000024.htm,,
15357,CHASE GENERAL CORP,10-K,2021-10-13,2021-06-30,2060,https://www.sec.gov/Archives/edgar/data/15357/000110465921125793/tm2124269d1_10k.htm,15357_10K_2021_0001104659-21-125793.htm,,
1537561,"Arch Therapeutics, Inc.",10-K,2021-12-17,2021-09-30,3841,https://www.sec.gov/Archives/edgar/data/1537561/000141057821000550/arth-20210930x10k.htm,1537561_10K_2021_0001410578-21-000550.htm,,
1539680,HAMMER FIBER OPTICS HOLDINGS CORP,10-K,2021-10-29,2021-07-31,4899,https://www.sec.gov/Archives/edgar/data/1539680/000106299321009979/form10k.htm,1539680_10K_2021_0001062993-21-009979.htm,,
1540159,"Edesa Biotech, Inc.",10-K,2021-12-28,2021-09-30,2834,https://www.sec.gov/Archives/edgar/data/1540159/000165495421013551/edsa_10k.htm,1540159_10K_2021_0001654954-21-013551.htm,,
1544400,American Oil & Gas Inc.,10-K,2021-11-26,2021-10-31,1382,https://www.sec.gov/Archives/edgar/data/1544400/000147793221008795/aoix_10k.htm,1544400_10K_2021_0001477932-21-008795.htm,,
1547459,"Natural Grocers by Vitamin Cottage, Inc.",10-K,2021-12-09,2021-09-30,5411,https://www.sec.gov/Archives/edgar/data/1547459/000143774921028226/ngvc20210930_10k.htm,1547459_10K_2021_0001437749-21-028226.htm,,
1555214,"Wally World Media, Inc",10-K,2021-12-28,2021-09-30,7374,https://www.sec.gov/Archives/edgar/data/1555214/000149315221032579/form10-k.htm,1555214_10K_2021_0001493152-21-032579.htm,,
1556179,"Rocky Mountain Industrials, Inc.",10-K,2021-12-15,2021-03-31,7380,https://www.sec.gov/Archives/edgar/data/1556179/000155837021016831/rmri-20210331x10k.htm,1556179_10K_2021_0001558370-21-016831.htm,,
1556801,iMine Corp,10-K,2021-10-28,2021-07-31,1400,https://www.sec.gov/Archives/edgar/data/1556801/000164033421002660/jrvs_10k.htm,1556801_10K_2021_0001640334-21-002660.htm,,
1557798,"Tianci International, Inc.",10-K,2021-10-25,2021-07-31,1311,https://www.sec.gov/Archives/edgar/data/1557798/000168316821004988/tianci_10k-073121.htm,1557798_10K_2021_0001683168-21-004988.htm,,
1561180,PETROTEQ ENERGY INC.,10-K,2021-12-15,2021-08-31,1381,https://www.sec.gov/Archives/edgar/data/1561180/000121390021065280/f10k2021_petroteqenergy.htm,1561180_10K_2021_0001213900-21-065280.htm,,
1567388,NAMI Corp.,10-K,2021-11-03,2021-06-30,1400,https://www.sec.gov/Archives/edgar/data/1567388/000164033421002695/nink_10k.htm,1567388_10K_2021_0001640334-21-002695.htm,,
1568385,"Bright Mountain Media, Inc.",10-K,2021-12-23,2020-12-31,7371,https://www.sec.gov/Archives/edgar/data/1568385/000149315221032437/form10k.htm,1568385_10K_2020_0001493152-21-032437.htm,,
1575295,Allied Corp.,10-K,2021-12-14,2021-08-31,5961,https://www.sec.gov/Archives/edgar/data/1575295/000147793221009248/alid_10k.htm,1575295_10K_2021_0001477932-21-009248.htm,,
1575420,Bionovate Technologies Corp.,10-K,2021-10-14,2021-06-30,3640,https://www.sec.gov/Archives/edgar/data/1575420/000164033421002564/biio_10k.htm,1575420_10K_2021_0001640334-21-002564.htm,,
1576873,AMERICAN BATTERY METALS CORP,10-K,2021-10-13,2021-06-30,1000,https://www.sec.gov/Archives/edgar/data/1576873/000149315221025335/form10-k.htm,1576873_10K_2021_0001493152-21-025335.htm,,
1578329,APEX 11 INC.,10-K,2021-10-12,2020-12-31,6770,https://www.sec.gov/Archives/edgar/data/1578329/000118518521001467/apex1120201230_10k.htm,1578329_10K_2020_0001185185-21-001467.htm,,
1578776,"PRUDENTIAL BANCORP, INC.",10-K,2021-12-17,2021-09-30,6036,https://www.sec.gov/Archives/edgar/data/1578776/000155837021016911/pbip-20210930x10k.htm,1578776_10K_2021_0001558370-21-016911.htm,,
1581280,Twist Bioscience Corp,10-K,2021-11-23,2021-09-30,2836,https://www.sec.gov/Archives/edgar/data/1581280/000110465921142700/twst-20210930x10k.htm,1581280_10K_2021_0001104659-21-142700.htm,,
1582244,Corning Natural Gas Holding Corp,10-K,2021-12-17,2021-09-30,4923,https://www.sec.gov/Archives/edgar/data/1582244/000117494721001128/form10k-27095_cng.htm,1582244_10K_2021_0001174947-21-001128.htm,,
1584509,Aramark,10-K,2021-11-23,2021-10-01,5812,https://www.sec.gov/Archives/edgar/data/1584509/000158450921000256/cik0-20211001.htm,1584509_10K_2021_0001584509-21-000256.htm,,
1584693,Healthcare Integrated Technologies Inc.,10-K,2021-10-28,2021-07-31,7900,https://www.sec.gov/Archives/edgar/data/1584693/000149315221026632/form10-k.htm,1584693_10K_2021_0001493152-21-026632.htm,,
1589150,Regen BioPharma Inc,10-K,2021-12-22,2021-09-30,2834,https://www.sec.gov/Archives/edgar/data/1589150/000160706221000641/rgbp093021form10k.htm,1589150_10K_2021_0001607062-21-000641.htm,,
1589526,Blue Bird Corp,10-K,2021-12-15,2021-10-02,3713,https://www.sec.gov/Archives/edgar/data/1589526/000158952621000140/blbd-20211002.htm,1589526_10K_2021_0001589526-21-000140.htm,,
1592706,"SB/RH Holdings, LLC",10-K,2021-11-23,2021-09-30,3690,https://www.sec.gov/Archives/edgar/data/109177/000010917721000058/spb-20210930.htm,1592706_10K_2021_0000109177-21-000058.htm,,
1592782,Nukkleus Inc.,10-K,2021-12-29,2021-09-30,8742,https://www.sec.gov/Archives/edgar/data/1592782/000121390021067905/f10k2021_nukkleusinc.htm,1592782_10K_2021_0001213900-21-067905.htm,,
1593001,"NightFood Holdings, Inc.",10-K,2021-10-13,2021-06-30,2060,https://www.sec.gov/Archives/edgar/data/1593001/000121390021052658/f10k2021_nightfoodholdings.htm,1593001_10K_2021_0001213900-21-052658.htm,,
1601046,"Keysight Technologies, Inc.",10-K,2021-12-17,2021-10-31,3823,https://www.sec.gov/Archives/edgar/data/1601046/000160104621000197/keys-20211031.htm,1601046_10K_2021_0001601046-21-000197.htm,,
1603345,Agentix Corp.,10-K,2021-10-07,2021-08-31,2821,https://www.sec.gov/Archives/edgar/data/1603345/000147793221007074/agtx_10k.htm,1603345_10K_2021_0001477932-21-007074.htm,,
16040,CABOT CORP,10-K,2021-11-29,2021-09-30,2890,https://www.sec.gov/Archives/edgar/data/16040/000156459021058692/cbt-10k_20210930.htm,16040_10K_2021_0001564590-21-058692.htm,,
1604643,Evoqua Water Technologies Corp.,10-K,2021-11-17,2021-09-30,3580,https://www.sec.gov/Archives/edgar/data/1604643/000160464321000094/aqua-20210930.htm,1604643_10K_2021_0001604643-21-000094.htm,,
1604930,"Life Clips, Inc.",10-K,2021-10-14,2021-06-30,3861,https://www.sec.gov/Archives/edgar/data/1604930/000149315221025369/form10-k.htm,1604930_10K_2021_0001493152-21-025369.htm,,
16099,LUBYS INC,10-K,2021-11-19,2021-08-25,5812,https://www.sec.gov/Archives/edgar/data/16099/000001609921000047/lub-20210825.htm,16099_10K_2021_0000016099-21-000047.htm,,
1610718,"Outdoor Specialty Products, Inc.",10-K,2021-12-29,2021-09-30,3949,https://www.sec.gov/Archives/edgar/data/1610718/000121390021067848/f10k2021_outdoorspecialty.htm,1610718_10K_2021_0001213900-21-067848.htm,,
1613665,"Great Western Bancorp, Inc.",10-K,2021-11-24,2021-09-30,6022,https://www.sec.gov/Archives/edgar/data/1613665/000161366521000052/gwb-20210930.htm,1613665_10K_2021_0001613665-21-000052.htm,,
1613685,TRENDMAKER INC. LTD.,10-K,2021-10-21,2021-07-31,2731,https://www.sec.gov/Archives/edgar/data/1613685/000149315221025926/form10-k.htm,1613685_10K_2021_0001493152-21-025926.htm,,
1614556,Star Alliance International Corp.,10-K,2021-10-18,2021-06-30,1040,https://www.sec.gov/Archives/edgar/data/1614556/000168316821004872/staralliance_10k-063021.htm,1614556_10K_2021_0001683168-21-004872.htm,,
1616533,"SMART Global Holdings, Inc.",10-K,2021-10-25,2021-08-27,3674,https://www.sec.gov/Archives/edgar/data/1616533/000156459021051710/sgh-10k_20210827.htm,1616533_10K_2021_0001564590-21-051710.htm,,
1616736,Alpha Investment Inc.,10-K,2021-10-13,2020-12-31,6500,https://www.sec.gov/Archives/edgar/data/1616736/000151597121000099/alpc10k123120.htm,1616736_10K_2020_0001515971-21-000099.htm,,
1616741,"PATRIOT TRANSPORTATION HOLDING, INC.",10-K,2021-12-14,2021-09-30,4210,https://www.sec.gov/Archives/edgar/data/1616741/000161674121000054/pati10k21.htm,1616741_10K_2021_0001616741-21-000054.htm,,
1617351,"Mu Yan Technology Group Co., Ltd",10-K,2021-10-29,2021-07-31,5122,https://www.sec.gov/Archives/edgar/data/1617351/000149315221026701/form10-k.htm,1617351_10K_2021_0001493152-21-026701.htm,,
1618181,World Gold Trust,10-K,2021-11-24,2021-09-30,6221,https://www.sec.gov/Archives/edgar/data/1618181/000119312521340501/d165296d10k.htm,1618181_10K_2021_0001193125-21-340501.htm,,
1618921,"Walgreens Boots Alliance, Inc.",10-K,2021-10-14,2021-08-31,5912,https://www.sec.gov/Archives/edgar/data/1618921/000161892121000085/wba-20210831.htm,1618921_10K_2021_0001618921-21-000085.htm,,
1619096,Summit Networks Inc.,10-K,2021-12-29,2021-09-30,4953,https://www.sec.gov/Archives/edgar/data/1619096/000109181821000152/sntw10k0921.htm,1619096_10K_2021_0001091818-21-000152.htm,,
1621221,"ARTELO BIOSCIENCES, INC.",10-K,2021-11-29,2021-08-31,2834,https://www.sec.gov/Archives/edgar/data/1621221/000164033421002983/artl_10k.htm,1621221_10K_2021_0001640334-21-002983.htm,,
1624140,Nine Alliance Science & Technology Group,10-K,2021-11-03,2021-09-30,3100,https://www.sec.gov/Archives/edgar/data/1624140/000101738621000478/jmkj_20210930-10k.htm,1624140_10K_2021_0001017386-21-000478.htm,,
1625288,"NEXIEN BIOPHARMA, INC.",10-K,2021-10-12,2021-06-30,2834,https://www.sec.gov/Archives/edgar/data/1625288/000149315221025119/form10-k.htm,1625288_10K_2021_0001493152-21-025119.htm,,
1626644,"Odyssey Group International, Inc.",10-K,2021-10-29,2021-07-31,3841,https://www.sec.gov/Archives/edgar/data/1626644/000168316821005136/odyssey_10k-073121.htm,1626644_10K_2021_0001683168-21-005136.htm,,
1628228,"OPTILEAF, INC.",10-K,2021-12-28,2020-12-31,7372,https://www.sec.gov/Archives/edgar/data/1628228/000121390021067598/f10k2020_optileafinc.htm,1628228_10K_2020_0001213900-21-067598.htm,,
1629205,"GridIron BioNutrients, Inc.",10-K,2021-12-10,2021-08-31,2834,https://www.sec.gov/Archives/edgar/data/1629205/000147793221009127/gmvp_10k.htm,1629205_10K_2021_0001477932-21-009127.htm,,
1632790,"ENERGIZER HOLDINGS, INC.",10-K,2021-11-16,2021-09-30,3690,https://www.sec.gov/Archives/edgar/data/1632790/000163279021000128/enr-20210930.htm,1632790_10K_2021_0001632790-21-000128.htm,,
1633932,ESSA Pharma Inc.,10-K,2021-11-18,2021-09-30,2834,https://www.sec.gov/Archives/edgar/data/1633932/000155837021016181/tmb-20210930x10k.htm,1633932_10K_2021_0001558370-21-016181.htm,,
1643721,"LEAFBUYER TECHNOLOGIES, INC.",10-K,2021-10-13,2021-06-30,4700,https://www.sec.gov/Archives/edgar/data/1643721/000147793221007233/lbuy_10k.htm,1643721_10K_2021_0001477932-21-007233.htm,,
1644378,RMR GROUP INC.,10-K,2021-11-15,2021-09-30,8742,https://www.sec.gov/Archives/edgar/data/1644378/000164437821000041/rmr-20210930.htm,1644378_10K_2021_0001644378-21-000041.htm,,
1644903,"cbdMD, Inc.",10-K,2021-12-17,2021-09-30,2844,https://www.sec.gov/Archives/edgar/data/1644903/000165495421013292/ycbd_10k.htm,1644903_10K_2021_0001654954-21-013292.htm,,
1645590,Hewlett Packard Enterprise Co,10-K,2021-12-10,2021-10-31,5045,https://www.sec.gov/Archives/edgar/data/1645590/000164559021000068/hpe-20211031.htm,1645590_10K_2021_0001645590-21-000068.htm,,
1647822,SavMobi Technology Inc.,10-K,2021-12-10,2021-05-31,7372,https://www.sec.gov/Archives/edgar/data/1647822/000149315221031044/form10-k.htm,1647822_10K_2021_0001493152-21-031044.htm,,
1649989,"Outlook Therapeutics, Inc.",10-K,2021-12-23,2021-09-30,2836,https://www.sec.gov/Archives/edgar/data/1649989/000155837021017007/otlk-20210930x10k.htm,1649989_10K_2021_0001558370-21-017007.htm,,
1654672,"PINEAPPLE, INC.",10-K,2021-10-04,2020-12-31,8742,https://www.sec.gov/Archives/edgar/data/1654672/000149315221024497/form10-k.htm,1654672_10K_2020_0001493152-21-024497.htm,,
1656501,"BorrowMoney.com, Inc.",10-K,2021-12-09,2021-08-31,7389,https://www.sec.gov/Archives/edgar/data/1656501/000149315221030930/form10-k.htm,1656501_10K_2021_0001493152-21-030930.htm,,
1658520,"OS Support, Inc.",10-K,2021-12-03,2021-06-30,7371,https://www.sec.gov/Archives/edgar/data/1658520/000147793221008973/os_10q.htm,1658520_10K_2021_0001477932-21-008973.htm,,
1659207,Fellazo Corp,10-K,2021-12-16,2021-08-31,2750,https://www.sec.gov/Archives/edgar/data/1659207/000164033421003194/fllz_10q.htm,1659207_10K_2021_0001640334-21-003194.htm,,
1666138,Atkore Inc.,10-K,2021-11-18,2021-09-30,3690,https://www.sec.gov/Archives/edgar/data/1666138/000166613821000163/atkr-20210930.htm,1666138_10K_2021_0001666138-21-000163.htm,,
1667313,"Zedge, Inc.",10-K,2021-11-09,2021-07-31,7372,https://www.sec.gov/Archives/edgar/data/1667313/000121390021057733/f10k2021_zedgeinc.htm,1667313_10K_2021_0001213900-21-057733.htm,,
1670541,Adient plc,10-K,2021-11-23,2021-09-30,3714,https://www.sec.gov/Archives/edgar/data/1670541/000167054121000133/adnt-20210930.htm,1670541_10K_2021_0001670541-21-000133.htm,,
1674862,ASHLAND GLOBAL HOLDINGS INC,10-K,2021-11-22,2021-09-30,5160,https://www.sec.gov/Archives/edgar/data/1674862/000095017021004843/ash-20210930.htm,1674862_10K_2021_0000950170-21-004843.htm,,
1674910,VALVOLINE INC,10-K,2021-11-19,2021-09-30,2990,https://www.sec.gov/Archives/edgar/data/1674910/000167491021000136/vvv-20210930.htm,1674910_10K_2021_0001674910-21-000136.htm,,
1675634,"ShiftPixy, Inc.",10-K,2021-12-03,2021-08-31,7361,https://www.sec.gov/Archives/edgar/data/1675634/000110465921146029/tm2133982d1_10k.htm,1675634_10K_2021_0001104659-21-146029.htm,,
1681622,Varex Imaging Corp,10-K,2021-11-19,2021-10-01,3679,https://www.sec.gov/Archives/edgar/data/1681622/000168162221000103/vrex-20211001.htm,1681622_10K_2021_0001681622-21-000103.htm,,
1681769,Clancy Corp,10-K,2021-11-12,2021-07-31,2840,https://www.sec.gov/Archives/edgar/data/1681769/000152013821000713/ccyc-20210731_10k.htm,1681769_10K_2021_0001520138-21-000713.htm,,
1683131,Forza Innovations Inc,10-K,2021-10-12,2021-06-30,3442,https://www.sec.gov/Archives/edgar/data/1683131/000160706221000399/forza063021form10k.htm,1683131_10K_2021_0001607062-21-000399.htm,,
1683252,TOKEN COMMUNITIES LTD.,10-K,2021-10-12,2021-06-30,7374,https://www.sec.gov/Archives/edgar/data/1683252/000121390021052400/f10k2021_tokencommunities.htm,1683252_10K_2021_0001213900-21-052400.htm,,
1685237,TEMIR CORP.,10-K,2021-12-14,2021-08-31,4700,https://www.sec.gov/Archives/edgar/data/1685237/000121390021065106/f10k2021_temircorp.htm,1685237_10K_2021_0001213900-21-065106.htm,,
1687221,"REV Group, Inc.",10-K,2021-12-15,2021-10-31,3711,https://www.sec.gov/Archives/edgar/data/1687221/000156459021060365/revg-10k_20211031.htm,1687221_10K_2021_0001564590-21-060365.htm,,
1693690,Veroni Brands Corp.,10-K,2021-10-12,2020-12-31,5140,https://www.sec.gov/Archives/edgar/data/1693690/000149315221025072/form10-k.htm,1693690_10K_2020_0001493152-21-025072.htm,,
1696195,KINETIC GROUP INC.,10-K,2021-11-09,2021-09-30,7310,https://www.sec.gov/Archives/edgar/data/1696195/000149315221027604/form10-k.htm,1696195_10K_2021_0001493152-21-027604.htm,,
1699126,Ciclet Holdings Inc.,10-K,2021-10-21,2021-01-31,7372,https://www.sec.gov/Archives/edgar/data/1699126/000164033421002616/ciclet_10k.htm,1699126_10K_2021_0001640334-21-002616.htm,,
1700844,UNEX HOLDINGS INC.,10-K,2021-11-29,2021-08-31,8700,https://www.sec.gov/Archives/edgar/data/1700844/000149315221029975/form10-k.htm,1700844_10K_2021_0001493152-21-029975.htm,,
1702744,Simply Good Foods Co,10-K,2021-10-26,2021-08-28,2000,https://www.sec.gov/Archives/edgar/data/1702744/000170274421000121/atk-20210828.htm,1702744_10K_2021_0001702744-21-000121.htm,,
1713863,"Rafael Holdings, Inc.",10-K,2021-10-18,2021-07-31,6500,https://www.sec.gov/Archives/edgar/data/1713863/000121390021053306/f10k2021_rafaelhold.htm,1713863_10K_2021_0001213900-21-053306.htm,,
1715268,"Golub Capital BDC 3, Inc.",10-K,2021-12-13,2021-09-30,,https://www.sec.gov/Archives/edgar/data/1715268/000171526821000105/gbdc310-kxfy2021.htm,1715268_10K_2021_0001715268-21-000105.htm,,
1715433,Leader Capital Holdings Corp.,10-K,2021-12-14,2021-08-31,7371,https://www.sec.gov/Archives/edgar/data/1715433/000149315221031425/form10-k.htm,1715433_10K_2021_0001493152-21-031425.htm,,
1715611,BODY & MIND INC.,10-K,2021-11-19,2021-07-31,2834,https://www.sec.gov/Archives/edgar/data/1715611/000164033421002905/bmmj_10k.htm,1715611_10K_2021_0001640334-21-002905.htm,,
1718227,"Construction Partners, Inc.",10-K,2021-11-29,2021-09-30,1600,https://www.sec.gov/Archives/edgar/data/1718227/000171822721000107/road-20210930.htm,1718227_10K_2021_0001718227-21-000107.htm,,
1721056,HOOPS SCOUTING USA,10-K,2021-10-05,2021-06-30,7374,https://www.sec.gov/Archives/edgar/data/1721056/000156288421000053/hosu-20210630.htm,1721056_10K_2021_0001562884-21-000053.htm,,
1722556,BestGofer Inc.,10-K,2021-12-02,2019-11-30,7200,https://www.sec.gov/Archives/edgar/data/1722556/000155889121000078/bgof-20191130.htm,1722556_10K_2019_0001558891-21-000078.htm,,
1722556,BestGofer Inc.,10-K,2021-12-03,2020-11-30,7200,https://www.sec.gov/Archives/edgar/data/1722556/000155889121000080/bgof-20201130.htm,1722556_10K_2020_0001558891-21-000080.htm,,
1725516,Nestbuilder.com Corp.,10-K,2021-12-30,2021-11-30,7310,https://www.sec.gov/Archives/edgar/data/1725516/000149315221032816/form10-k.htm,1725516_10K_2021_0001493152-21-032816.htm,,
1728688,"i3 Verticals, Inc.",10-K,2021-11-22,2021-09-30,7389,https://www.sec.gov/Archives/edgar/data/1728688/000172868821000086/iiiv-20210930.htm,1728688_10K_2021_0001728688-21-000086.htm,,
1730168,Broadcom Inc.,10-K,2021-12-17,2021-10-31,3674,https://www.sec.gov/Archives/edgar/data/1730168/000173016821000153/avgo-20211031.htm,1730168_10K_2021_0001730168-21-000153.htm,,
1732845,WestRock Co,10-K,2021-11-19,2021-09-30,2650,https://www.sec.gov/Archives/edgar/data/1732845/000156459021057778/wrk-10k_20210930.htm,1732845_10K_2021_0001564590-21-057778.htm,,
1734713,"BrightView Holdings, Inc.",10-K,2021-11-17,2021-09-30,0700,https://www.sec.gov/Archives/edgar/data/1734713/000095017021004707/bv-20210930.htm,1734713_10K_2021_0000950170-21-004707.htm,,
1744179,"Oaktree Strategic Income II, Inc.",10-K,2021-12-14,2021-09-30,,https://www.sec.gov/Archives/edgar/data/1744179/000174417921000015/osiii-0930202110xk.htm,1744179_10K_2021_0001744179-21-000015.htm,,
1744489,Walt Disney Co,10-K,2021-11-24,2021-10-02,7990,https://www.sec.gov/Archives/edgar/data/1744489/000174448921000220/dis-20211002.htm,1744489_10K_2021_0001744489-21-000220.htm,,
1746119,MU GLOBAL HOLDING Ltd,10-K,2021-11-15,2021-07-31,7200,https://www.sec.gov/Archives/edgar/data/1746119/000149315221028300/form10-k.htm,1746119_10K_2021_0001493152-21-028300.htm,,
1746214,BIOPLUS LIFE CORP.,10-K,2021-11-02,2020-12-31,5912,https://www.sec.gov/Archives/edgar/data/1746214/000149315221026939/form10-k.htm,1746214_10K_2020_0001493152-21-026939.htm,,
1750777,"Hawkeye Systems, Inc.",10-K,2021-10-13,2021-06-30,3861,https://www.sec.gov/Archives/edgar/data/1750777/000147793221007236/hwke_10k.htm,1750777_10K_2021_0001477932-21-007236.htm,,
1753391,BIGEON CORP.,10-K,2021-10-08,2021-07-31,7370,https://www.sec.gov/Archives/edgar/data/1753391/000175339121000010/bigeon10k2021.htm,1753391_10K_2021_0001753391-21-000010.htm,,
1753681,Elite Performance Holding Corp,10-K,2021-11-12,2020-12-31,2080,https://www.sec.gov/Archives/edgar/data/1753681/000147793221008045/elite_10k.htm,1753681_10K_2020_0001477932-21-008045.htm,,
1765651,Pacific Sports Exchange Inc.,10-K,2021-12-14,2021-08-31,5940,https://www.sec.gov/Archives/edgar/data/1765651/000164033421003161/pse_10k.htm,1765651_10K_2021_0001640334-21-003161.htm,,
1768267,Cerence Inc.,10-K,2021-11-23,2021-09-30,7372,https://www.sec.gov/Archives/edgar/data/1768267/000156459021057931/crnc-10k_20210930.htm,1768267_10K_2021_0001564590-21-057931.htm,,
1772016,"BELLRING BRANDS, INC.",10-K,2021-11-19,2021-09-30,2000,https://www.sec.gov/Archives/edgar/data/1772016/000177201621000118/brbr-20210930.htm,1772016_10K_2021_0001772016-21-000118.htm,,
1772177,"KURA SUSHI USA, INC.",10-K,2021-11-12,2021-08-31,5812,https://www.sec.gov/Archives/edgar/data/1772177/000156459021056423/krus-10k_20210831.htm,1772177_10K_2021_0001564590-21-056423.htm,,
1772921,OneWater Marine Inc.,10-K,2021-12-17,2021-09-30,5531,https://www.sec.gov/Archives/edgar/data/1772921/000114036121042274/brhc10031703_10k.htm,1772921_10K_2021_0001140361-21-042274.htm,,
1773086,Yunhong International,10-K,2021-10-27,2021-06-30,6770,https://www.sec.gov/Archives/edgar/data/1773086/000110465921130537/zgyhu-20210630x10k.htm,1773086_10K_2021_0001104659-21-130537.htm,,
1779128,"Blade Air Mobility, Inc.",10-K,2021-12-20,2021-09-30,4522,https://www.sec.gov/Archives/edgar/data/1779128/000177912821000025/blde-20210930.htm,1779128_10K_2021_0001779128-21-000025.htm,,
1782754,AZEK Co Inc.,10-K,2021-11-23,2021-09-30,3089,https://www.sec.gov/Archives/edgar/data/1782754/000156459021057997/azek-10k_20210930.htm,1782754_10K_2021_0001564590-21-057997.htm,,
1784440,Nowtransit Inc,10-K,2021-11-26,2021-08-31,7374,https://www.sec.gov/Archives/edgar/data/1784440/000118518521001761/nowtransit20210831_10k.htm,1784440_10K_2021_0001185185-21-001761.htm,,
1785493,Phoenix Plus Corp.,10-K,2021-11-12,2021-07-31,1700,https://www.sec.gov/Archives/edgar/data/1785493/000149315221028105/form10-k.htm,1785493_10K_2021_0001493152-21-028105.htm,,
1786119,"Excellerant, Inc.",10-K,2021-12-10,2021-09-30,8000,https://www.sec.gov/Archives/edgar/data/1786119/000164033421003117/exlt_10q.htm,1786119_10K_2021_0001640334-21-003117.htm,,
1787123,Azar International Corp.,10-K,2021-11-22,2021-08-31,4700,https://www.sec.gov/Archives/edgar/data/1787123/000147793221008726/azar_10k.htm,1787123_10K_2021_0001477932-21-008726.htm,,
1787412,"WB Burgers Asia, Inc.",10-K,2021-11-03,2021-07-31,6770,https://www.sec.gov/Archives/edgar/data/1787412/000159991621000265/wbba10k2021outf.htm,1787412_10K_2021_0001599916-21-000265.htm,,
1787518,Brilliant Acquisition Corp,10-K,2021-10-13,2020-12-31,6770,https://www.sec.gov/Archives/edgar/data/1787518/000121390021052513/f10k2020_brilliantacq.htm,1787518_10K_2020_0001213900-21-052513.htm,,
1802974,"Mission Produce, Inc.",10-K,2021-12-22,2021-10-31,0700,https://www.sec.gov/Archives/edgar/data/1802974/000180297421000049/avo-20211031.htm,1802974_10K_2021_0001802974-21-000049.htm,,
1818550,Incordex Corp.,10-K,2021-10-15,2021-06-30,7200,https://www.sec.gov/Archives/edgar/data/1818550/000147793221007341/incordex_10k.htm,1818550_10K_2021_0001477932-21-007341.htm,,
1821806,"Leslie's, Inc.",10-K,2021-12-10,2021-10-02,5990,https://www.sec.gov/Archives/edgar/data/1821806/000095017021005153/lesl-20211002.htm,1821806_10K_2021_0000950170-21-005153.htm,,
1822372,Streetex Corp.,10-K,2021-10-04,2021-06-30,7310,https://www.sec.gov/Archives/edgar/data/1822372/000182237221000016/streetex2021report10k.htm,1822372_10K_2021_0001822372-21-000016.htm,,
1823635,"CXJ GROUP CO., Ltd",10-K,2021-10-04,2021-05-31,3714,https://www.sec.gov/Archives/edgar/data/1823635/000149315221024405/form10k.htm,1823635_10K_2021_0001493152-21-024405.htm,,
1827855,Medicale Corp.,10-K,2021-12-15,2021-09-30,8000,https://www.sec.gov/Archives/edgar/data/1827855/000168316821006349/medicale_i10k-093021.htm,1827855_10K_2021_0001683168-21-006349.htm,,
1828588,"Hanover Bancorp, Inc. /NY",10-K,2021-12-23,2021-09-30,6022,https://www.sec.gov/Archives/edgar/data/1828588/000114036121042794/brhc10032172_10k.htm,1828588_10K_2021_0001140361-21-042794.htm,,
1828739,Azzurro Solutions Corp.,10-K,2021-12-16,2021-09-30,5099,https://www.sec.gov/Archives/edgar/data/1828739/000147793221009285/azzurro_10k.htm,1828739_10K_2021_0001477932-21-009285.htm,,
1828748,ASIAFIN HOLDINGS CORP.,10-K,2021-11-29,2021-08-31,7389,https://www.sec.gov/Archives/edgar/data/1828748/000149315221029950/form10-k.htm,1828748_10K_2021_0001493152-21-029950.htm,,
1829311,"BITMINE IMMERSION TECHNOLOGIES, INC.",10-K,2021-12-09,2021-08-31,7374,https://www.sec.gov/Archives/edgar/data/1829311/000168316821006222/bitmine_10k.htm,1829311_10K_2021_0001683168-21-006222.htm,,
1829426,Far Peak Acquisition Corp,10-K,2021-12-17,2021-09-30,6199,https://www.sec.gov/Archives/edgar/data/1829426/000119312521361373/d271595d10k.htm,1829426_10K_2021_0001193125-21-361373.htm,,
1829966,"Esports Technologies, Inc.",10-K,2021-12-23,2021-09-30,7900,https://www.sec.gov/Archives/edgar/data/1829966/000168316821006560/esports_i10k-093021.htm,1829966_10K_2021_0001683168-21-006560.htm,,
1834045,"Vintage Wine Estates, Inc.",10-K,2021-10-13,2021-06-30,2080,https://www.sec.gov/Archives/edgar/data/1834045/000095017021002112/vwe-20210630.htm,1834045_10K_2021_0000950170-21-002112.htm,,
1835256,"Duckhorn Portfolio, Inc.",10-K,2021-10-04,2021-07-31,2080,https://www.sec.gov/Archives/edgar/data/1835256/000183525621000044/napa-20210731.htm,1835256_10K_2021_0001835256-21-000044.htm,,
1835814,Northern Star Investment Corp. IV,10-K,2021-12-23,2021-09-30,6770,https://www.sec.gov/Archives/edgar/data/1835814/000119312521365579/d207834d10k.htm,1835814_10K_2021_0001193125-21-365579.htm,,
1835817,Northern Star Investment Corp. III,10-K,2021-12-23,2021-09-30,6770,https://www.sec.gov/Archives/edgar/data/1835817/000119312521365586/d249569d10k.htm,1835817_10K_2021_0001193125-21-365586.htm,,
1842138,WARPSPEED TAXI INC.,10-K,2021-10-15,2021-07-31,7389,https://www.sec.gov/Archives/edgar/data/1842138/000157570521000702/warpspeedtaxi_10k.htm,1842138_10K_2021_0001575705-21-000702.htm,,
1844817,Armada Acquisition Corp. I,10-K,2021-12-29,2021-09-30,6770,https://www.sec.gov/Archives/edgar/data/1844817/000095015921000378/aaciu_10k.htm,1844817_10K_2021_0000950159-21-000378.htm,,
1853314,Gesher I Acquisition Corp.,10-K,2021-12-29,2021-09-30,6770,https://www.sec.gov/Archives/edgar/data/1853314/000121390021067913/f10k2021_gesher1acq.htm,1853314_10K_2021_0001213900-21-067913.htm,,
1857951,Weber Inc.,10-K,2021-12-14,2021-09-30,3630,https://www.sec.gov/Archives/edgar/data/1857951/000162828021025047/webr-20210930.htm,1857951_10K_2021_0001628280-21-025047.htm,,
1868878,GOLUB CAPITAL DIRECT LENDING CORP,10-K,2021-12-17,2021-09-30,,https://www.sec.gov/Archives/edgar/data/1868878/000186887821000039/gdlc10-kxfy2021.htm,1868878_10K_2021_0001868878-21-000039.htm,,
1868941,"Fluence Energy, Inc.",10-K,2021-12-14,2021-09-30,3690,https://www.sec.gov/Archives/edgar/data/1868941/000186894121000012/fluenceenergyllc10-k2021.htm,1868941_10K_2021_0001868941-21-000012.htm,,
21510,COHERENT INC,10-K,2021-11-30,2021-10-02,3826,https://www.sec.gov/Archives/edgar/data/21510/000002151021000060/cohr-20211002.htm,21510_10K_2021_0000021510-21-000060.htm,,
216877,PISMO COAST VILLAGE INC,10-K,2021-12-16,2021-09-30,7000,https://www.sec.gov/Archives/edgar/data/216877/000151316221000163/pcv-20210930.htm,216877_10K_2021_0001513162-21-000163.htm,,
